team, auto_charge_station_points, auto_grid_points, cube_points, cone_points, endgame_charge_station_points, total,norm_a_c_s_p,norm_a_g_p,norm_c_p,norm_co_p,norm_eg_p
2075,4.12,12.38,14.22,24.62,9.65,69.41,0.4463705309,0.8755304102,0.7138554217,0.7582383739,0.8116063919
1730,4.51,6.15,11.64,17.89,9.65,56.4,0.488624052,0.4349363508,0.5843373494,0.5509701263,0.8116063919
3175,7.52,9.63,15.8,14.7,9.83,61.72,0.8147345612,0.6810466761,0.7931726908,0.4527255929,0.826745164
51,6,8.52,12.94,20.49,9.16,63.1,0.6500541712,0.6025459689,0.6495983936,0.6310440407,0.7703952902
973,7.69,7.74,13.92,19.56,8.34,66.49,0.8331527627,0.5473833098,0.6987951807,0.6024022174,0.7014297729
3339,6.78,6.82,11.07,16.92,8.08,53.74,0.7345612134,0.4823196605,0.5557228916,0.5210963967,0.6795626577
4499,7.58,9.71,13.61,24.25,6.68,66.83,0.8212351029,0.6867043847,0.6832329317,0.7468432399,0.5618166526
1718,8.09,7.47,9.33,24.49,7.97,62.65,0.8764897075,0.5282885431,0.468373494,0.7542346782,0.6703111859
7558,5.48,10.43,11.44,20.73,7.71,56.84,0.593716143,0.7376237624,0.5742971888,0.6384354789,0.6484440706
6377,6.22,5.78,13.35,17.91,9.58,60.03,0.6738894908,0.4087694484,0.6701807229,0.5515860795,0.8057190917
1025,4.81,6.35,12.19,11.95,6.52,44.03,0.5211267606,0.4490806223,0.6119477912,0.3680320296,0.5483599664
1296,7.53,5.61,9.43,14.19,5.99,45.6,0.8158179848,0.3967468175,0.4733935743,0.4370187866,0.503784693
1339,6.6,7.94,13.09,19.89,5.85,59.65,0.7150595883,0.5615275813,0.6571285141,0.612565445,0.4920100925
1391,5.62,10.04,10.91,18.4,11.28,57.2,0.6088840737,0.7100424328,0.5476907631,0.5666769326,0.9486963835
1425,6.72,9.35,10.84,20.06,6.08,54.92,0.7280606717,0.6612446959,0.5441767068,0.6178010471,0.5113540791
1540,4.38,8.75,12.51,15.95,7.59,50.71,0.474539545,0.6188118812,0.6280120482,0.4912226671,0.6383515559
16,7.38,7.3,8.12,20.81,7.29,56.42,0.7995666306,0.5162659123,0.4076305221,0.6408992917,0.6131202691
1625,5.32,3.85,10.85,13.29,7.76,46.62,0.5763813651,0.2722772277,0.5446787149,0.4093008931,0.6526492851
166,3.08,4.71,10.71,17.3,9.66,51.37,0.3336944745,0.3330975955,0.5376506024,0.5327995072,0.8124474348
1676,7.16,6.89,11.93,16.18,7.21,53.29,0.7757313109,0.4872701556,0.5988955823,0.4983061287,0.606391926
1684,5.97,6.06,10.01,19.97,9.49,57.16,0.6468039003,0.4285714286,0.5025100402,0.6150292578,0.7981497056
1714,7.03,6.43,9.22,15.01,8.69,46.37,0.7616468039,0.454738331,0.4628514056,0.4622728673,0.7308662742
1732,5.99,7.64,10.3,20.01,6.66,55.27,0.6489707476,0.540311174,0.5170682731,0.6162611642,0.5601345669
1785,5.63,5.87,10.27,13.72,8.87,45.62,0.6099674973,0.4151343706,0.515562249,0.4225438867,0.7460050463
1802,4.74,4.07,8.44,11.28,8.92,40.6,0.5135427952,0.2878359264,0.4236947791,0.3473975978,0.7502102607
2059,4.33,4.65,6.68,12.93,7.82,38.82,0.4691224269,0.328854314,0.3353413655,0.3982137358,0.6576955425
2067,3.74,8.76,10.28,18.98,9.4,53.39,0.4052004334,0.6195190948,0.516064257,0.584539575,0.7905803196
2080,1.41,2.63,5.64,10.57,8.86,31.21,0.1527627302,0.1859971711,0.2831325301,0.3255312596,0.7451640034
217,2.42,4.68,7.74,15.92,5.94,40.79,0.2621885157,0.3309759547,0.3885542169,0.4902987373,0.4995794786
2170,4.59,3.34,13.88,5.63,8.1,41.79,0.497291441,0.2362093352,0.6967871486,0.1733908223,0.6812447435
2359,4.56,3.12,9.38,3.49,6.03,27.26,0.4940411701,0.2206506365,0.4708835341,0.1074838312,0.5071488646
2429,5.49,5.86,8.1,11.37,7.22,37.34,0.5947995666,0.414427157,0.406626506,0.3501693871,0.6072329689
2521,6.83,9.1,15.97,19.49,9.44,67.46,0.7399783315,0.6435643564,0.8017068273,0.6002463813,0.7939444912
28,3.55,0.99,3.72,0.19,8.76,16.43,0.3846153846,0.07001414427,0.186746988,0.005851555282,0.7367535744
281,7.47,7.39,9.86,18.41,6.36,52.06,0.8093174431,0.5226308345,0.4949799197,0.5669849091,0.5349032801
2832,7.57,5.7,10.44,13.42,9.32,48.81,0.8201516793,0.4031117397,0.5240963855,0.4133045889,0.7838519765
3506,6.38,6.85,8.97,18.59,6.3,49.27,0.6912242687,0.4844413013,0.4503012048,0.5725284878,0.5298570227
359,6.83,8.55,13.02,19.38,9.12,60.18,0.7399783315,0.6046676096,0.6536144578,0.5968586387,0.7670311186
3653,4.42,2.42,3.96,4.86,5.87,21.71,0.4788732394,0.171145686,0.1987951807,0.1496766246,0.4936921783
3753,4.79,2.41,3.94,8.02,1.67,20.86,0.5189599133,0.1704384724,0.1977911647,0.2469972282,0.1404541632
3794,2.29,1.2,4.02,4.16,7.09,18.06,0.2481040087,0.08486562942,0.2018072289,0.128118263,0.5962994113
4011,5.41,6.7,6.42,15.4,7.98,41.62,0.5861321777,0.4738330976,0.3222891566,0.4742839544,0.6711522288
422,4.94,9.17,14.68,16.98,4.76,56.35,0.5352112676,0.6485148515,0.7369477912,0.5229442562,0.4003364172
4276,7.19,4.98,10.4,4.3,7.6,34.06,0.7789815818,0.3521923621,0.5220883534,0.1324299353,0.6391925988
4293,5.03,4.92,8.02,10.69,6.98,37.27,0.5449620802,0.3479490806,0.4026104418,0.3292269787,0.5870479394
4342,5.22,6.48,9.38,20.22,7.79,53.43,0.5655471289,0.4582743989,0.4708835341,0.6227286726,0.6551724138
4607,5.47,7.42,10.53,20.61,9.83,59.29,0.5926327194,0.5247524752,0.5286144578,0.6347397598,0.826745164
4624,7.05,2.69,12.15,3.84,9.23,40.94,0.7638136511,0.1902404526,0.609939759,0.118263012,0.7762825904
4635,4.96,8.62,8.61,21.29,7.7,53.94,0.5373781148,0.6096181047,0.4322289157,0.6556821682,0.6476030278
4776,6.56,6.88,9.59,9.37,8.94,41.62,0.7107258938,0.486562942,0.4814257028,0.2885740684,0.7518923465
484,5.78,6.42,10.8,15.44,6.67,48.39,0.6262188516,0.4540311174,0.5421686747,0.4755158608,0.5609756098
4920,5.8,9.26,8.82,18.66,7.04,50.95,0.6283856988,0.6548797737,0.4427710843,0.574684324,0.5920941968
4976,5.28,6.89,9.94,18.93,8.04,52.21,0.5720476706,0.4872701556,0.4989959839,0.582999692,0.6761984861
5050,6.2,4.27,8.34,15.86,7.59,47.12,0.6717226436,0.301980198,0.4186746988,0.4884508777,0.6383515559
533,3.14,5.82,5.49,13.24,5.69,31.32,0.3401950163,0.4115983027,0.2756024096,0.4077610102,0.4785534062
5431,4.92,6.26,9.66,15.24,7.72,45.49,0.5330444204,0.4427157001,0.484939759,0.4693563289,0.6492851135
5434,7.66,5.77,8.59,12.92,5.42,41.81,0.8299024919,0.4080622348,0.4312248996,0.3979057592,0.4558452481
5654,4.36,4.98,9.04,16.47,6.8,49.61,0.4723726977,0.3521923621,0.453815261,0.50723745,0.5719091674
5883,4.99,2.6,9.9,2.64,10.11,31.91,0.5406283857,0.1838755304,0.4969879518,0.08130582076,0.850294365
6045,4.57,6.34,12.73,17.19,7.59,53.43,0.4951245937,0.4483734088,0.6390562249,0.5294117647,0.6383515559
6146,6.09,5.03,8.39,12.96,8.9,44.3,0.6598049837,0.35572843,0.421184739,0.3991376655,0.7485281749
668,4.97,3.55,2.98,11.62,9.44,33.09,0.5384615385,0.2510608204,0.1495983936,0.357868802,0.7939444912
6833,5.63,2.83,4.35,7.53,7.4,31.43,0.6099674973,0.2001414427,0.218373494,0.2319063751,0.622371741
6919,5.86,7.04,14.54,14.67,7.58,54.16,0.6348862405,0.4978783593,0.7299196787,0.4518016631,0.637510513
7157,4.47,8.06,15.75,21.54,8.33,65.6,0.4842903575,0.5700141443,0.7906626506,0.663381583,0.70058873
7460,5.34,3.05,11.48,11.93,6.78,46.13,0.5785482124,0.2157001414,0.5763052209,0.3674160764,0.5702270816
7748,5.63,5.52,11.41,2.63,2.42,25.89,0.6099674973,0.3903818953,0.5727911647,0.08099784416,0.2035323802
85,7.41,5.6,9.47,17.67,7.04,50.74,0.8028169014,0.396039604,0.4754016064,0.5441946412,0.5920941968
88,4.97,7.7,8.83,23.9,10.57,60.78,0.5384615385,0.5445544554,0.4432730924,0.7360640591,0.8889823381
8871,3.96,1.98,5.28,3.47,5.51,20.91,0.429035753,0.1400282885,0.265060241,0.106867878,0.4634146341
9037,2.72,1.04,6.22,3.63,6.8,22.89,0.2946912243,0.07355021216,0.312248996,0.1117955035,0.5719091674
9068,5.04,4.22,8.21,4.37,5.62,25.53,0.5460455038,0.2984441301,0.4121485944,0.1345857715,0.472666106
9092,4.8,5.33,6.8,10.66,7.28,33.81,0.5200433369,0.3769448373,0.3413654618,0.328303049,0.6122792262
9152,3.4,1.12,6.15,2.55,5.6,20.78,0.3683640303,0.07920792079,0.3087349398,0.07853403141,0.4709840202
9176,6.45,4.83,7.26,15.08,7.4,43.52,0.698808234,0.3415841584,0.3644578313,0.4644287034,0.622371741
9213,4.9,0.79,7.51,1.94,6.79,25.58,0.5308775731,0.0558698727,0.3770080321,0.05974745919,0.5710681245
9312,5.34,5.83,9.57,21.55,8.66,58.03,0.5785482124,0.4123055163,0.4804216867,0.6636895596,0.7283431455
971,3.55,12.44,12.26,21.04,8.03,57.13,0.3846153846,0.8797736917,0.6154618474,0.6479827533,0.6753574432
2539,6.25,9.08,14.62,19.89,10.01,66.84,0.6771397616,0.6421499293,0.733935743,0.612565445,0.8418839361
3655,6.47,8.09,13.2,20.57,8.48,61.82,0.7009750813,0.572135785,0.6626506024,0.6335078534,0.7132043734
3937,7.64,8.05,13.82,18.43,7.11,62.18,0.8277356446,0.5693069307,0.6937751004,0.5676008623,0.5979814971
319,6.69,9.37,13.2,18.62,7.97,59.7,0.7248104009,0.6626591231,0.6626506024,0.5734524176,0.6703111859
3604,6.37,8.17,15.43,11.73,7.09,49.72,0.6901408451,0.5777934936,0.7745983936,0.3612565445,0.5962994113
384,7.59,7.41,12.05,21.3,7.14,59.39,0.8223185265,0.5240452617,0.6049196787,0.6559901447,0.6005046257
469,6.78,6.27,9.19,18.22,8.78,53.82,0.7345612134,0.4434229137,0.4613453815,0.5611333539,0.7384356602
587,7.42,8.69,10.26,21.01,6.17,55.5,0.803900325,0.6145685997,0.515060241,0.6470588235,0.5189234651
930,6.68,10.16,15.54,23.57,9.35,71.79,0.7237269772,0.7185289958,0.7801204819,0.7259008315,0.7863751051
1683,6.13,10.62,10.94,19.79,9.12,56.83,0.6641386782,0.7510608204,0.5491967871,0.6094856791,0.7670311186
1072,5.98,5.8,9.52,9.64,7.09,39.99,0.6478873239,0.4101838755,0.4779116466,0.2968894364,0.5962994113
1218,4.45,8.07,10.36,18.36,6.68,48.94,0.4821235103,0.5707213579,0.5200803213,0.5654450262,0.5618166526
1241,5.3,8.56,10.61,21.49,8.04,56.56,0.5742145179,0.6053748232,0.5326305221,0.6618417,0.6761984861
135,5.11,5.69,10.88,12.44,7.13,44.35,0.5536294691,0.4024045262,0.546184739,0.3831228827,0.5996635828
1414,7.37,7.17,11.33,17.8,5.88,53.49,0.7984832069,0.5070721358,0.5687751004,0.5481983369,0.4945332212
1506,5.96,8.59,12.36,20.74,8.5,58.39,0.6457204767,0.6074964639,0.6204819277,0.6387434555,0.7148864592
1599,7.91,5.67,9.91,14.58,9.04,49.07,0.8569880823,0.400990099,0.4974899598,0.4490298737,0.7603027754
1745,5.33,5.41,11.81,18.08,8.65,55.33,0.5774647887,0.382602546,0.5928714859,0.5568216816,0.7275021026
176,5.57,11.38,15.35,22.78,8.59,68.39,0.6034669556,0.8048090523,0.7705823293,0.7015706806,0.7224558452
1923,8.55,4.68,19.92,9.65,10.12,62.62,0.9263271939,0.3309759547,1,0.297197413,0.8511354079
1983,6.47,6.7,6.5,14.36,7.51,43.07,0.7009750813,0.4738330976,0.3263052209,0.4422543887,0.6316232128
2230,3.65,8.74,7.92,19.8,7.31,48.08,0.3954496208,0.6181046676,0.3975903614,0.6097936557,0.6148023549
2240,5.52,5.12,8.67,19.87,9.97,53.88,0.5980498375,0.3620933522,0.4352409639,0.6119494918,0.8385197645
2399,7.96,7.01,9.35,15.92,8.98,52,0.8624052004,0.4957567185,0.46937751,0.4902987373,0.7552565181
2403,5.73,6.89,13.8,4.8,8.58,40.01,0.6208017335,0.4872701556,0.6927710843,0.147828765,0.7216148024
2489,3.18,1.85,10.66,2.64,6.51,30.15,0.3445287107,0.130834512,0.5351405622,0.08130582076,0.5475189235
25,5.82,3.71,11.32,16.98,7.69,53.24,0.630552546,0.2623762376,0.5682730924,0.5229442562,0.6467619849
2635,5.26,3.74,5.59,8.7,6.6,28.97,0.5698808234,0.2644978784,0.28062249,0.2679396366,0.5550883095
2638,5.2,5.73,9.08,13.47,6.89,42.08,0.5633802817,0.4052333805,0.4558232932,0.4148444718,0.5794785534
2656,4.04,3.42,9.79,2.58,8.45,30.38,0.4377031419,0.2418670438,0.4914658635,0.07945796119,0.7106812447
2974,6.64,9.26,11.92,23.06,6.97,62.34,0.7193932828,0.6548797737,0.5983935743,0.7101940253,0.5862068966
316,6.44,5.53,12.87,16.92,10.94,58.26,0.6977248104,0.3910891089,0.6460843373,0.5210963967,0.9201009251
3374,5.02,6.08,6.43,14,7.07,38.35,0.5438786566,0.4299858557,0.3227911647,0.4311672313,0.5946173255
360,4.63,8.38,9.24,17.95,7.23,49.58,0.5016251354,0.5926449788,0.4638554217,0.5528179858,0.6080740118
3620,5.21,7.69,11.09,21.56,7.36,56.65,0.5644637053,0.5438472419,0.5567269076,0.6639975362,0.6190075694
3668,5.82,6.15,11.25,18.97,7.12,54.47,0.630552546,0.4349363508,0.5647590361,0.5842315984,0.5988225399
3679,5.84,5.57,13.77,6.11,9.95,42.23,0.6327193933,0.3939179632,0.6912650602,0.1881736988,0.8368376787
3683,4.4,9.04,13.14,23.06,6.59,61.47,0.4767063922,0.639321075,0.6596385542,0.7101940253,0.5542472666
4020,8.66,6.4,8.63,18.59,6.73,52.58,0.9382448537,0.4526166902,0.4332329317,0.5725284878,0.5660218671
4039,7.16,8.23,13.35,20.72,9.17,63.78,0.7757313109,0.5820367751,0.6701807229,0.6381275023,0.7712363331
4122,6.27,4.46,8.67,10.89,8.4,39.49,0.6793066089,0.315417256,0.4352409639,0.3353865106,0.7064760303
4175,3.57,4.99,7.58,6.85,4.21,27.12,0.3867822319,0.3528995757,0.3805220884,0.2109639667,0.354079058
4561,6.88,6.38,11.05,13.81,8.54,49.61,0.7453954496,0.4512022631,0.5547188755,0.425315676,0.7182506308
4693,2.73,2.59,7.87,6.86,4.09,26.15,0.2957746479,0.1831683168,0.3950803213,0.2112719433,0.3439865433
4779,6.23,6.67,9.21,16.11,6.13,47.01,0.6749729144,0.4717114569,0.4623493976,0.4961502926,0.5155592935
5024,8.43,5.51,8.87,13.99,8.02,49.73,0.9133261105,0.3896746818,0.4452811245,0.4308592547,0.6745164003
5089,5.28,4.96,10.71,3.53,5.33,29.33,0.5720476706,0.3507779349,0.5376506024,0.1087157376,0.4482758621
5152,7.17,6.35,10.47,17.27,10.69,54.56,0.7768147346,0.4490806223,0.5256024096,0.5318755775,0.8990748528
5409,7.69,5.09,7.2,19.45,8.7,53.73,0.8331527627,0.3599717115,0.3614457831,0.5990144749,0.7317073171
5411,5.41,7.19,9.82,18.59,8.23,53,0.5861321777,0.5084865629,0.4929718876,0.5725284878,0.6921783011
5419,6.46,6.18,11.3,11.11,7.01,46.14,0.6998916576,0.4370579915,0.5672690763,0.3421619957,0.5895710681
5505,5.8,6.96,8.55,18.45,5.95,45.89,0.6283856988,0.4922206506,0.4292168675,0.5682168155,0.5004205214
5618,4.46,4.63,6.11,7.42,10.74,31.2,0.4832069339,0.3274398868,0.3067269076,0.2285186326,0.9032800673
5653,4.07,4.77,13.68,2.88,5.92,33.86,0.4409534128,0.3373408769,0.686746988,0.08869725901,0.4978973928
5895,7.24,7.19,11.63,23.74,7.17,63.67,0.7843986999,0.5084865629,0.5838353414,0.7311364336,0.6030277544
5913,4.75,8.51,10.8,21.15,6.77,54.05,0.5146262189,0.6018387553,0.5421686747,0.6513704958,0.5693860387
597,5.16,5.21,12.55,8.57,9.39,44.1,0.5590465872,0.3684582744,0.6300200803,0.2639359409,0.7897392767
5988,3.19,2.18,6,2.17,5.5,18.8,0.3456121343,0.1541725601,0.3012048193,0.06683092085,0.4625735913
604,5.4,8.17,9.24,23.03,10.05,62.89,0.5850487541,0.5777934936,0.4638554217,0.7092700955,0.8452481077
6090,9.21,7.44,10.44,21.7,10.38,63.34,0.9978331528,0.5261669024,0.5240963855,0.6683092085,0.8730025231
6352,5.72,5.76,9.35,7.15,6.87,32.89,0.6197183099,0.4073550212,0.46937751,0.2202032646,0.5777964676
6420,3.46,4.29,7.62,14.38,8.39,43.04,0.374864572,0.3033946252,0.3825301205,0.4428703419,0.7056349874
6672,4.33,7.71,15.85,19.76,8.51,64.83,0.4691224269,0.545261669,0.7956827309,0.6085617493,0.7157275021
6823,6.6,5.98,9.4,17.03,7.17,50.09,0.7150595883,0.4229137199,0.4718875502,0.5244841392,0.6030277544
6865,4.69,6.56,9.43,6.79,3.95,29.52,0.5081256771,0.4639321075,0.4733935743,0.2091161072,0.3322119428
694,7.78,7.11,11.24,21.16,8.96,61.18,0.8429035753,0.5028288543,0.5642570281,0.6516784724,0.7535744323
7018,3.89,4.04,8.14,4.48,3.38,23.06,0.4214517876,0.2857142857,0.4086345382,0.137973514,0.2842724979
8576,6.2,5.37,13.75,5.56,6.97,41.11,0.6717226436,0.3797736917,0.6902610442,0.1712349861,0.5862068966
9007,3.52,1.81,6.43,5.75,4.27,25.23,0.3813651138,0.1280056577,0.3227911647,0.1770865414,0.3591253154
9008,4.02,5.23,5.4,7.72,6.29,26.15,0.4355362947,0.3698727016,0.2710843373,0.2377579304,0.5290159798
9022,4.52,4.85,6.84,12.59,3.9,33.54,0.4897074756,0.3429985856,0.343373494,0.3877425316,0.3280067283
9075,4.66,1.83,7.42,0.86,6.68,24.58,0.5048754063,0.1294200849,0.3724899598,0.02648598706,0.5618166526
9076,3.79,2.94,5.96,4.91,2.12,19.77,0.4106175515,0.2079207921,0.2991967871,0.1512165075,0.1783010934
910,4.88,7.44,9.66,15.46,7.8,46.56,0.5287107259,0.5261669024,0.484939759,0.476131814,0.6560134567
9125,4.85,6.4,9.33,12.28,8.26,40.99,0.525460455,0.4526166902,0.468373494,0.3781952572,0.6947014298
9244,4.91,1.87,3.56,4.67,2.03,17.95,0.5319609967,0.1322489392,0.1787148594,0.1438250693,0.1707317073
987,6.63,8.53,10.95,23.24,6.53,61.19,0.7183098592,0.6032531825,0.5496987952,0.7157376039,0.5492010093
5940,6.68,13.05,16.89,23.46,8.83,75.1,0.7237269772,0.9229137199,0.8478915663,0.722513089,0.7426408747
1756,8.07,7.28,13.45,23.25,8.57,68.47,0.8743228602,0.5148514851,0.6752008032,0.7160455805,0.7207737595
6329,6.65,10.84,13.75,27.38,9.99,76.99,0.7204767064,0.7666195191,0.6902610442,0.8432399138,0.8402018503
4738,6.62,7.85,10.3,22.89,6.66,59.89,0.7172264355,0.5551626591,0.5170682731,0.7049584232,0.5601345669
7890,8.78,7.08,9.65,20.82,8.69,58.29,0.9512459372,0.5007072136,0.484437751,0.6412072682,0.7308662742
3310,6.5,6.7,13.22,20.63,7.72,61.08,0.7042253521,0.4738330976,0.6636546185,0.635355713,0.6492851135
148,5.52,7.04,11.19,24.36,9.23,66.1,0.5980498375,0.4978783593,0.561746988,0.7502309824,0.7762825904
3847,7.63,5.63,11.1,18.99,7.05,55.46,0.826652221,0.3981612447,0.5572289157,0.5848475516,0.5929352397
7220,7,5.83,9.49,14.95,7.77,47.37,0.758396533,0.4123055163,0.4764056225,0.4604250077,0.653490328
5414,6.96,5.39,13.83,14.27,8.37,54.51,0.7540628386,0.3811881188,0.6942771084,0.4394825993,0.7039529016
1100,7.01,7.14,9.46,17.81,9.55,53.14,0.7594799567,0.504950495,0.4748995984,0.5485063135,0.803195963
115,8.2,4.99,7.96,19.09,7.65,53.24,0.8884073673,0.3528995757,0.3995983936,0.5879273175,0.6433978133
1403,5.56,5.48,10.76,21.62,8.41,57.66,0.602383532,0.387553041,0.5401606426,0.6658453957,0.7073170732
1771,6.73,12.44,10.94,20.09,7.33,55.05,0.7291440953,0.8797736917,0.5491967871,0.6187249769,0.6164844407
180,8.98,7.72,10.63,18.68,8.11,57.84,0.9729144095,0.5459688826,0.5336345382,0.5753002772,0.6820857864
1868,5.77,11.26,12.62,19.79,9.51,59.21,0.625135428,0.7963224894,0.6335341365,0.6094856791,0.7998317914
2199,8.44,6.05,9.67,16.92,8.01,52.84,0.9144095341,0.427864215,0.4854417671,0.5210963967,0.6736753574
2370,6.36,5.22,12.09,16.98,8.09,52.09,0.6890574215,0.369165488,0.6069277108,0.5229442562,0.6804037006
2451,4.19,5.26,11.48,17.7,8.44,52.85,0.4539544962,0.3719943423,0.5763052209,0.545118571,0.7098402019
2637,4.88,2.34,8.26,7.84,7.58,35.56,0.5287107259,0.1654879774,0.4146586345,0.2414536495,0.637510513
2791,6.4,7.19,8.94,18.11,4.61,46.59,0.6933911159,0.5084865629,0.4487951807,0.5577456113,0.3877207738
2945,3.76,4.51,11.36,2.9,8.87,33.93,0.4073672806,0.3189533239,0.5702811245,0.0893132122,0.7460050463
3008,5.14,2.41,7.37,6.83,6.13,32.38,0.55687974,0.1704384724,0.3699799197,0.2103480136,0.5155592935
302,6.72,6.36,10.45,21.26,10.79,60.71,0.7280606717,0.4497878359,0.5245983936,0.6547582384,0.9074852817
3132,6.81,5.79,7.96,11.07,8.03,39.97,0.7378114843,0.409476662,0.3995983936,0.3409300893,0.6753574432
325,6.91,8.17,10.28,19.95,7.13,55.34,0.7486457205,0.5777934936,0.516064257,0.6144133046,0.5996635828
3284,5.04,3.07,6.74,7.74,6.78,31.38,0.5460455038,0.2171145686,0.3383534137,0.2383738836,0.5702270816
333,6.22,6.97,9.91,13.66,8.98,46.43,0.6738894908,0.4929278642,0.4974899598,0.4206960271,0.7552565181
3341,2.95,4.85,6.48,5.1,1.78,19.38,0.3196099675,0.3429985856,0.3253012048,0.1570680628,0.149705635
343,5.19,7.38,12.89,14.8,8.72,51.95,0.5622968581,0.5219236209,0.6470883534,0.4558053588,0.7333894029
3489,4.2,3.27,6.15,7.33,6.77,28.74,0.4550379198,0.2312588402,0.3087349398,0.2257468432,0.5693860387
3526,3.19,0.66,6.88,4.3,3.51,22.99,0.3456121343,0.04667609618,0.3453815261,0.1324299353,0.2952060555
3616,5.82,4.56,8.67,11.27,8.67,42.38,0.630552546,0.3224893918,0.4352409639,0.3470896212,0.7291841884
3749,4.59,5.11,7.57,12.73,6.96,39.09,0.497291441,0.3613861386,0.3800200803,0.3920542039,0.5853658537
399,5.87,5.26,12.57,4.31,5.28,33.06,0.6359696641,0.3719943423,0.6310240964,0.1327379119,0.4440706476
3990,7.95,7.24,9.4,18.51,8.28,54.25,0.8613217768,0.5120226308,0.4718875502,0.5700646751,0.6963835156
4003,6.76,7.7,8.61,19.07,5.17,51.63,0.7323943662,0.5445544554,0.4322289157,0.5873113643,0.4348191758
4010,6.91,6.22,17.86,5.32,9.46,52.58,0.7486457205,0.4398868458,0.8965863454,0.1638435479,0.795626577
4131,7.56,6.95,11.4,17.76,7.18,54.6,0.8190682557,0.4915134371,0.5722891566,0.5469664306,0.6038687973
4253,5.52,7.86,9.52,19.21,9.65,54.2,0.5980498375,0.5558698727,0.4779116466,0.5916230366,0.8116063919
4270,4.72,6.7,11.26,19.51,11.27,59.31,0.511375948,0.4738330976,0.5652610442,0.6008623345,0.9478553406
4392,3.67,9.53,10.42,18.1,6.85,48.06,0.397616468,0.6739745403,0.5230923695,0.5574376347,0.5761143818
449,6.26,7.22,9.07,18.27,7.89,51.89,0.6782231853,0.5106082037,0.4553212851,0.5626732368,0.6635828427
4766,6.22,4.63,15.33,7.27,9.54,48.73,0.6738894908,0.3274398868,0.7695783133,0.2238989837,0.8023549201
4788,3.09,3.62,6.39,12.94,3.8,31.42,0.3347778982,0.2560113154,0.3207831325,0.3985217123,0.3195962994
5687,7.91,8.2,11.67,21.51,5.63,57.86,0.8569880823,0.5799151344,0.5858433735,0.6624576532,0.4735071489
5727,5.86,9.58,14.43,18.08,6.95,60.19,0.6348862405,0.6775106082,0.7243975904,0.5568216816,0.5845248108
5901,6.58,6.21,8.48,15.16,10.61,48.72,0.7128927411,0.4391796322,0.4257028112,0.4668925162,0.8923465097
5907,8.92,6.53,9.34,18,7.7,54.12,0.9664138678,0.4618104668,0.468875502,0.5543578688,0.6476030278
6348,5.99,5.8,8.37,9.45,9.1,36.47,0.6489707476,0.4101838755,0.4201807229,0.2910378811,0.7653490328
6358,3.8,2.65,2.69,8.23,8.07,25.61,0.4117009751,0.1874115983,0.1350401606,0.2534647367,0.6787216148
6413,3.9,7.05,6,12.59,7.03,36.45,0.4225352113,0.4985855728,0.3012048193,0.3877425316,0.5912531539
649,6.55,7.96,10.04,17.9,7.05,52,0.7096424702,0.5629420085,0.5040160643,0.5512781029,0.5929352397
6586,2.67,3.48,6.57,3.19,6.8,21.58,0.2892741062,0.2461103253,0.3298192771,0.09824453342,0.5719091674
6647,4.73,4.2,7.36,6.64,7.16,31.74,0.5124593716,0.297029703,0.3694779116,0.2044964583,0.6021867115
6652,3.82,2.19,5,3.66,4.15,18.34,0.4138678223,0.1548797737,0.2510040161,0.1127194333,0.3490328007
6868,3.05,2.75,8.53,6.58,6.43,29.34,0.3304442037,0.1944837341,0.4282128514,0.2026485987,0.5407905803
6995,5.58,6.17,7.83,18.9,6.14,45.76,0.6045503792,0.4363507779,0.3930722892,0.5820757622,0.5164003364
6998,4.55,1.94,6.56,3.13,6.06,22.63,0.4929577465,0.1371994342,0.3293172691,0.09639667385,0.5096719933
7021,5.84,7.76,10.51,21.87,9.86,59.11,0.6327193933,0.5487977369,0.5276104418,0.6735448106,0.8292682927
7042,5.11,6.51,7.17,7.14,6.71,29.94,0.5536294691,0.4603960396,0.359939759,0.219895288,0.5643397813
7534,2.74,1.07,6.6,2.9,6.82,22.97,0.2968580715,0.0756718529,0.3313253012,0.0893132122,0.5735912532
7565,5.28,6.36,10.31,13.64,5.54,43.04,0.5720476706,0.4497878359,0.5175702811,0.4200800739,0.4659377628
8046,6.73,7.26,10.88,16.85,9.63,54.48,0.7291440953,0.513437058,0.546184739,0.5189405605,0.8099243061
8177,5.67,7.57,11.62,21.23,7.16,58.01,0.6143011918,0.5353606789,0.5833333333,0.6538343086,0.6021867115
818,8.08,7.68,11.22,18.08,6.92,56.57,0.8754062839,0.5431400283,0.563253012,0.5568216816,0.5820016821
8393,6.86,6.19,7.77,12.9,6.17,40.89,0.7432286024,0.4377652051,0.390060241,0.397289806,0.5189234651
840,5,4.23,4.26,10.51,5.18,28.67,0.5417118093,0.2991513437,0.2138554217,0.3236834001,0.4356602187
8426,6.41,6.67,11.55,14.95,8.84,49.31,0.6944745395,0.4717114569,0.5798192771,0.4604250077,0.7434819176
8711,4.54,5.04,9.27,5.09,1.57,23.33,0.4918743229,0.3564356436,0.4653614458,0.1567600862,0.1320437342
8739,5.06,3.67,4.99,8.88,6.46,29.85,0.548212351,0.2595473833,0.250502008,0.2734832153,0.543313709
9015,6.17,5.25,8.19,9.09,7.8,36.89,0.6684723727,0.3712871287,0.4111445783,0.2799507237,0.6560134567
9016,4.29,5.94,9.39,7.08,3.69,29.84,0.4647887324,0.4200848656,0.4713855422,0.2180474284,0.3103448276
9019,3.75,-0.22,3.11,1.49,3.36,12.7,0.406283857,-0.01555869873,0.156124498,0.04588851247,0.2825904121
9085,4.56,3.03,7.22,3.02,4.47,20.59,0.4940411701,0.2142857143,0.3624497992,0.09300893132,0.3759461733
9153,0.74,0.92,3.64,4.56,4.04,15.44,0.08017334778,0.06506364922,0.1827309237,0.1404373268,0.3397813288
9168,5.24,2.62,7.59,4,5.43,25.11,0.5677139762,0.1852899576,0.3810240964,0.1231906375,0.456686291
9219,4.46,2.96,8.62,5.24,4.76,25.62,0.4832069339,0.2093352192,0.4327309237,0.1613797351,0.4003364172
4143,7.05,9.46,12.03,21.3,10.59,63.86,0.7638136511,0.6690240453,0.6039156627,0.6559901447,0.8906644239
3940,6.49,5.63,11.96,18.21,6.96,55.55,0.7031419285,0.3981612447,0.6004016064,0.5608253773,0.5853658537
4329,6.94,6.79,9.84,13.86,9.66,50.19,0.7518959913,0.4801980198,0.4939759036,0.426855559,0.8124474348
3039,5.98,10.28,13.22,20.73,7.82,63.33,0.6478873239,0.7270155587,0.6636546185,0.6384354789,0.6576955425
900,8.33,6.74,11.31,15.98,8.63,54.48,0.9024918743,0.4766619519,0.5677710843,0.4921465969,0.7258200168
1156,8.26,3.99,8.19,13.56,7.96,45.17,0.894907909,0.2821782178,0.4111445783,0.4176162612,0.669470143
2992,7.26,7.14,10.2,19.36,8.42,56.75,0.7865655471,0.504950495,0.5120481928,0.5962426856,0.7081581161
4522,5.31,9.74,14.08,24.5,11.41,68.82,0.5752979415,0.6888260255,0.7068273092,0.7545426548,0.9596299411
494,8.11,8.77,11.52,22.18,8.41,62.3,0.8786565547,0.6202263083,0.578313253,0.683092085,0.7073170732
5665,6.4,5.87,9.4,7.48,9.7,39.32,0.6933911159,0.4151343706,0.4718875502,0.2303664921,0.8158116064
1023,5.94,4.71,9.54,15.53,7.91,50.83,0.6435536295,0.3330975955,0.4789156627,0.4782876501,0.6652649285
11,7.09,8.03,12.19,16.4,7.97,54.95,0.7681473456,0.5678925035,0.6119477912,0.5050816138,0.6703111859
1123,3.1,8.52,13.1,16.12,7.2,51.49,0.3358613218,0.6025459689,0.6576305221,0.4964582692,0.6055508831
1466,8.93,6.99,9.69,12.94,7.3,47.62,0.9674972914,0.4943422914,0.4864457831,0.3985217123,0.613961312
1468,3.66,6.23,9.2,21.27,8.97,52.06,0.3965330444,0.4405940594,0.4618473896,0.655066215,0.7544154752
1501,6.85,8.4,9.81,19.18,7.5,53.32,0.7421451788,0.5940594059,0.4924698795,0.5906991069,0.6307821699
1538,6.29,9.08,9.6,25,8.99,65.02,0.6814734561,0.6421499293,0.4819277108,0.7699414844,0.756097561
1629,7.01,7.53,10.83,16.68,5.8,49.17,0.7594799567,0.5325318246,0.5436746988,0.5137049584,0.487804878
1746,5.49,7.54,12.99,18.66,8.93,58.27,0.5947995666,0.5332390382,0.6521084337,0.574684324,0.7510513036
1757,6.51,8.5,10.53,20.97,9.79,59.11,0.7053087757,0.6011315417,0.5286144578,0.6458269172,0.8233809924
177,5.08,6.07,12.02,20.81,8.44,58.35,0.5503791983,0.4292786421,0.6034136546,0.6408992917,0.7098402019
179,4.76,5.85,9.28,23.64,6.98,56.15,0.5157096425,0.4137199434,0.4658634538,0.7280566677,0.5870479394
1816,8.14,6.05,7.6,14.78,6.14,43.28,0.8819068256,0.427864215,0.3815261044,0.4551894056,0.5164003364
1836,6.58,4.21,10.17,3.53,7.43,35.28,0.7128927411,0.2977369165,0.5105421687,0.1087157376,0.6248948696
195,7.18,8.63,12.56,23.75,7.79,65.82,0.7778981582,0.6103253182,0.6305220884,0.7314444102,0.6551724138
2642,7.68,7.5,11.77,18.05,8.01,55.96,0.8320693391,0.5304101839,0.5908634538,0.5558977518,0.6736753574
2960,6.18,6.52,10.02,12.09,4.81,40.33,0.6695557963,0.4611032532,0.5030120482,0.3723437019,0.4045416316
3003,7.11,5.77,6.07,15.59,8.13,42.5,0.7703141928,0.4080622348,0.3047188755,0.4801355097,0.6837678722
3161,5.36,5.6,9.69,14.61,6.81,47.35,0.5807150596,0.396039604,0.4864457831,0.4499538035,0.5727502103
3184,7.02,8.44,10.77,23.37,6.61,59.97,0.7605633803,0.5968882603,0.5406626506,0.7197412997,0.5559293524
3218,5.58,8.83,15.1,17.35,11.89,60.96,0.6045503792,0.6244695898,0.7580321285,0.5343393902,1
3478,8.18,4.96,8.49,17.79,8.25,52.1,0.88624052,0.3507779349,0.4262048193,0.5478903603,0.6938603869
3538,7.48,7.79,11.75,27.02,10.57,72.21,0.8104008667,0.5509193777,0.5898594378,0.8321527564,0.8889823381
3572,4.19,5.57,12.09,13.08,8.71,46.51,0.4539544962,0.3939179632,0.6069277108,0.4028333847,0.73254836
3767,7.18,6,9.75,15.47,7.13,47.68,0.7778981582,0.4243281471,0.4894578313,0.4764397906,0.5996635828
3932,3.54,5.12,9.35,16.42,6.6,45.48,0.383531961,0.3620933522,0.46937751,0.505697567,0.5550883095
4069,4.7,8.18,9.2,19.22,7.92,50.17,0.5092091008,0.5785007072,0.4618473896,0.5919310132,0.6661059714
4099,3.85,7.58,11.81,14.48,7.7,47.73,0.4171180932,0.5360678925,0.5928714859,0.4459501078,0.6476030278
4112,4.38,3.75,5.53,7.56,7.61,29.29,0.474539545,0.2652050919,0.2776104418,0.2328303049,0.6400336417
4145,4.8,4.62,9.42,18.28,7.95,49.67,0.5200433369,0.3267326733,0.4728915663,0.5629812134,0.6686291001
4419,6,4.84,10.26,13.52,6.41,43.98,0.6500541712,0.342291372,0.515060241,0.4163843548,0.5391084945
4663,5.82,4.71,7.69,14.69,7.39,41.36,0.630552546,0.3330975955,0.3860441767,0.4524176163,0.6215306981
4905,5.57,6.07,8.13,11.24,7.72,38.4,0.6034669556,0.4292786421,0.4081325301,0.3461656914,0.6492851135
4909,6.66,8.28,10.39,19.65,8.97,57.41,0.72156013,0.585572843,0.5215863454,0.6051740068,0.7544154752
4944,6.11,5.63,9.23,14.99,8.29,45.39,0.661971831,0.3981612447,0.4633534137,0.4616569141,0.6972245585
5006,4.83,5.44,10.34,15.37,8.69,48.24,0.5232936078,0.3847241867,0.5190763052,0.4733600246,0.7308662742
503,5.28,6.91,13,12.27,8.67,48.25,0.5720476706,0.4886845827,0.6526104418,0.3778872806,0.7291841884
5135,6.05,6.82,9.95,16.22,9.35,51.64,0.6554712893,0.4823196605,0.499497992,0.4995380351,0.7863751051
5172,1.92,2.28,9.96,6.55,8.89,33.86,0.2080173348,0.1612446959,0.5,0.2017246689,0.747687132
5274,6.96,2.92,9.37,7.32,7.72,37.46,0.7540628386,0.2065063649,0.4703815261,0.2254388666,0.6492851135
5338,3.85,4.43,7.42,17.81,4.44,41.09,0.4171180932,0.3132956153,0.3724899598,0.5485063135,0.3734230446
5553,3.13,2.36,9.34,5,6.54,29.02,0.3391115926,0.1669024045,0.468875502,0.1539882969,0.5500420521
5804,8.3,6.84,11.85,18.33,8.5,58.7,0.8992416035,0.4837340877,0.5948795181,0.5645210964,0.7148864592
5990,5.59,8.55,11.64,17.94,4.78,50.75,0.6056338028,0.6046676096,0.5843373494,0.5525100092,0.4020185029
6431,2.21,0.26,4.29,-1.55,2.32,5.13,0.2394366197,0.01838755304,0.2153614458,-0.04773637204,0.1951219512
6606,4.92,-0.59,4.85,2.57,3.52,18.06,0.5330444204,-0.04172560113,0.2434738956,0.0791499846,0.2960470984
6657,4.21,3.36,10.95,4.47,6.02,31.61,0.4561213434,0.2376237624,0.5496987952,0.1376655374,0.5063078217
6817,4.52,3.5,4.86,3.05,5.2,18.85,0.4897074756,0.2475247525,0.2439759036,0.0939328611,0.4373423045
6909,3.78,4.01,6.28,2.84,3.84,19.34,0.4095341278,0.283592645,0.3152610442,0.08746535263,0.322960471
7072,6.73,3.93,10.53,5.16,8.13,35.25,0.7291440953,0.2779349364,0.5286144578,0.1589159224,0.6837678722
7285,7.66,6.79,9.9,18.57,6.34,53.74,0.8299024919,0.4801980198,0.4969879518,0.5719125346,0.5332211943
7428,4.53,4.71,8.62,6.05,4.61,28.19,0.4907908992,0.3330975955,0.4327309237,0.1863258392,0.3877207738
7617,8.35,5.04,9.86,17.75,6.18,52.4,0.9046587216,0.3564356436,0.4949799197,0.546658454,0.519764508
8015,2.24,2.35,4.86,2.42,4.11,16.13,0.2426868906,0.1661951909,0.2439759036,0.07453033569,0.3456686291
8016,2.16,3.77,7.54,9.71,4.05,29.58,0.2340195016,0.2666195191,0.3785140562,0.2990452726,0.3406223717
857,4.92,8.66,9.24,20.08,7.54,51.92,0.5330444204,0.612446959,0.4638554217,0.6184170003,0.6341463415
8592,6.12,9.19,13.96,18.89,5.96,57.47,0.6630552546,0.6499292786,0.7008032129,0.5817677856,0.5012615643
8717,3.15,4.64,9.82,4.74,4.03,26.15,0.3412784399,0.3281471004,0.4929718876,0.1459809055,0.338940286
8808,5.59,3.69,11.68,6.82,6.89,35.1,0.6056338028,0.2609618105,0.5863453815,0.210040037,0.5794785534
8847,4.75,3.09,12.01,5.03,8.71,38.21,0.5146262189,0.2185289958,0.6029116466,0.1549122267,0.73254836
9023,3.9,5.65,8.5,5.35,5.48,27.09,0.4225352113,0.3995756719,0.4267068273,0.1647674777,0.4608915055
9030,1.68,2.58,9.24,3.95,4.47,22.53,0.1820151679,0.1824611033,0.4638554217,0.1216507545,0.3759461733
9062,4.89,2.34,5.8,1.81,4.15,19.24,0.5297941495,0.1654879774,0.2911646586,0.05574376347,0.3490328007
9084,7.45,4.87,11.07,12.91,8.64,49.91,0.8071505959,0.3444130127,0.5557228916,0.3975977826,0.7266610597
9126,2.74,3.74,9.37,4.14,4.56,22.72,0.2968580715,0.2644978784,0.4703815261,0.1275023098,0.3835155593
9140,8.16,5.48,9.82,15.21,6.65,47.83,0.8840736728,0.387553041,0.4929718876,0.4684323991,0.559293524
955,4.53,7.86,9.82,19.48,8.78,53.27,0.4907908992,0.5558698727,0.4929718876,0.5999384047,0.7384356602
2056,6.51,12.79,14.7,32.47,8.14,83.66,0.7053087757,0.9045261669,0.7379518072,1,0.6846089151
118,8.15,9.62,12.28,21.76,9.99,67.78,0.8829902492,0.6803394625,0.6164658635,0.6701570681,0.8402018503
2607,4.77,6.12,15.53,11.93,9.54,53.01,0.5167930661,0.43281471,0.7796184739,0.3674160764,0.8023549201
254,7.05,11.58,16.87,25.25,9.3,77.18,0.7638136511,0.8189533239,0.8468875502,0.7776408993,0.7821698907
111,7.55,11.31,14.07,25.09,9.35,70.79,0.8179848321,0.7998585573,0.7063253012,0.7727132738,0.7863751051
624,6.65,9.17,13.33,19.35,10.42,63.31,0.7204767064,0.6485148515,0.6691767068,0.595934709,0.8763666947
8085,5.06,6.4,11.43,19.03,8.22,56.53,0.548212351,0.4526166902,0.5737951807,0.586079458,0.6913372582
2468,9.23,10.75,15.85,20.9,8.06,72.28,1,0.7602545969,0.7956827309,0.643671081,0.6778805719
1102,6.27,8.15,13.7,16.36,6.7,55.8,0.6793066089,0.5763790665,0.687751004,0.5038497074,0.5634987384
2687,6.13,7.83,13.11,19.11,7.3,61.25,0.6641386782,0.553748232,0.6581325301,0.5885432707,0.613961312
1189,6.93,8.08,8.8,18.97,7.84,51.94,0.7508125677,0.5714285714,0.4417670683,0.5842315984,0.6593776283
120,7.02,4.54,8.6,12.02,8.93,44.94,0.7605633803,0.3210749646,0.4317269076,0.3701878657,0.7510513036
1481,6.15,6.38,11.81,11.7,8.52,46.11,0.6663055255,0.4512022631,0.5928714859,0.3603326147,0.716568545
1561,4.92,6.11,18.35,6.71,8.69,50.35,0.5330444204,0.4321074965,0.921184739,0.2066522944,0.7308662742
1574,5.44,9,11.58,17.99,7.89,55.25,0.5893824485,0.6364922207,0.5813253012,0.5540498922,0.6635828427
1577,4.83,8.08,15.75,24.06,9.72,72.31,0.5232936078,0.5714285714,0.7906626506,0.7409916846,0.8174936922
1619,7.83,9.04,13.07,21.91,8.7,65.71,0.8483206934,0.639321075,0.656124498,0.674776717,0.7317073171
1700,5.13,2.42,3.75,12.53,5.02,35.68,0.5557963164,0.171145686,0.188253012,0.385894672,0.4222035324
1768,5.75,8.99,13.81,20.91,8.31,63.34,0.6229685807,0.6357850071,0.6932730924,0.6439790576,0.6989066442
1884,3.22,2.57,6.82,6.62,4.99,25.46,0.3488624052,0.1817538897,0.3423694779,0.2038805051,0.4196804037
2106,4.83,6.82,9.37,15.86,8.6,46.6,0.5232936078,0.4823196605,0.4703815261,0.4884508777,0.7232968881
2202,6.57,3.92,9.2,9.94,9.76,45.41,0.7118093174,0.2772277228,0.4618473896,0.3061287342,0.8208578638
2220,5.37,5.64,13.87,6,6.15,38.25,0.5817984832,0.3988684583,0.6962851406,0.1847859563,0.5172413793
2457,5.41,3.43,8.33,5.09,8.74,32.75,0.5861321777,0.2425742574,0.4181726908,0.1567600862,0.7350714886
2506,4.75,5.79,7.07,9.42,6.9,33.11,0.5146262189,0.409476662,0.3549196787,0.2901139513,0.5803195963
2582,4.36,7.72,10.13,18,9.66,52.13,0.4723726977,0.5459688826,0.5085341365,0.5543578688,0.8124474348
27,4.18,6.9,10.41,18.29,8.41,49.7,0.4528710726,0.4879773692,0.5225903614,0.56328919,0.7073170732
2847,7.96,7.6,10.52,15.14,5.13,45.96,0.8624052004,0.5374823197,0.5281124498,0.466276563,0.4314550042
2875,4,4.68,8.5,12.46,7.04,37.15,0.4333694475,0.3309759547,0.4267068273,0.3837388358,0.5920941968
2905,3.65,1.03,5.78,1.44,5.33,18.33,0.3954496208,0.07284299859,0.2901606426,0.0443486295,0.4482758621
3015,5.58,8.95,11.83,22.48,8.69,61.16,0.6045503792,0.6329561528,0.593875502,0.6923313828,0.7308662742
3061,5.97,5.7,11.93,12.23,9.64,50.82,0.6468039003,0.4031117397,0.5988955823,0.3766553742,0.810765349
3130,4.45,5.18,11.97,7.78,6.23,39.4,0.4821235103,0.3663366337,0.6009036145,0.23960579,0.5239697225
3142,7.46,5.02,11.12,8.14,7.29,43.75,0.8082340195,0.3550212164,0.5582329317,0.2506929473,0.6131202691
324,4.69,5.26,9.99,17.53,9.11,52.08,0.5081256771,0.3719943423,0.5015060241,0.5398829689,0.7661900757
3256,4.34,3.68,4.91,8.56,4.4,25.71,0.4702058505,0.2602545969,0.2464859438,0.2636279643,0.370058873
33,6.4,8.96,14.1,18.35,8.63,61.15,0.6933911159,0.6336633663,0.7078313253,0.5651370496,0.7258200168
3322,7.02,4.55,7.3,11.11,8.95,42.61,0.7605633803,0.3217821782,0.3664658635,0.3421619957,0.7527333894
3459,3.39,2.92,6.62,3.94,4.51,21.58,0.3672806067,0.2065063649,0.3323293173,0.1213427779,0.3793103448
3663,6.76,7.07,11.53,18.73,8.29,57.09,0.7323943662,0.5,0.578815261,0.5768401601,0.6972245585
4,4.56,4.47,6.37,8.83,7.29,33.69,0.4940411701,0.3161244696,0.3197791165,0.2719433323,0.6131202691
4028,7.11,10.66,14.38,21.23,9.69,68.69,0.7703141928,0.7538896747,0.7218875502,0.6538343086,0.8149705635
4362,5.92,9.52,13.66,20.36,7.42,61.25,0.6413867822,0.6732673267,0.6857429719,0.6270403449,0.6240538267
4373,7.82,9.27,11.27,15.98,6.8,51.12,0.8472372698,0.6555869873,0.5657630522,0.4921465969,0.5719091674
4476,7.55,6.77,11.61,16.82,8.81,55.01,0.8179848321,0.4787835926,0.5828313253,0.5180166307,0.7409587889
4598,2.76,4.93,9.24,7.12,6.82,29.35,0.2990249187,0.3486562942,0.4638554217,0.2192793348,0.5735912532
4903,7.66,7.59,11.71,20.08,6.42,58.49,0.8299024919,0.5367751061,0.5878514056,0.6184170003,0.5399495374
5045,2.86,1.79,4.25,1.51,1.88,11.52,0.3098591549,0.1265912306,0.2133534137,0.04650446566,0.1581160639
5232,5.73,2.36,6.66,20.2,10.59,52.82,0.6208017335,0.1669024045,0.3343373494,0.6221127194,0.8906644239
548,5.13,5.29,8.55,15.36,8.04,46.51,0.5557963164,0.374115983,0.4292168675,0.473052048,0.6761984861
5635,5.84,6.12,8.01,9.05,7.2,36.09,0.6327193933,0.43281471,0.4021084337,0.2787188174,0.6055508831
5809,1.47,4.43,6.58,10.76,6.17,29.64,0.1592632719,0.3132956153,0.3303212851,0.3313828149,0.5189234651
5993,2.13,5.83,8.23,7.56,3.38,23.63,0.2307692308,0.4123055163,0.4131526104,0.2328303049,0.2842724979
6002,5.87,8.48,11.25,14.41,8.36,51.22,0.6359696641,0.5997171146,0.5647590361,0.4437942716,0.7031118587
6036,5.1,11.41,18,24.14,7.77,73.67,0.5525460455,0.8069306931,0.9036144578,0.7434554974,0.653490328
6078,6.17,6.32,11.07,17.21,6.02,50.82,0.6684723727,0.4469589816,0.5557228916,0.5300277179,0.5063078217
6328,7.14,14.14,13.18,21.93,5.78,60.18,0.7735644637,1,0.6616465863,0.6753926702,0.4861227923
687,6.58,7.08,10.51,20.94,8.35,58.67,0.7128927411,0.5007072136,0.5276104418,0.6449029874,0.7022708158
70,6.58,8.49,11.15,20.12,10.53,58.7,0.7128927411,0.6004243281,0.5597389558,0.6196489067,0.8856181665
7174,7.26,6.1,8.66,13.69,8.91,46.78,0.7865655471,0.4314002829,0.4347389558,0.4216199569,0.7493692178
7211,6.14,10.33,11.34,19.88,7.34,55.99,0.6652221018,0.7305516266,0.5692771084,0.6122574684,0.6173254836
7444,5.78,6.19,10.31,11.01,6.81,39.19,0.6262188516,0.4377652051,0.5175702811,0.3390822298,0.5727502103
7563,4.89,5.39,7.05,14.99,8.39,41.78,0.5297941495,0.3811881188,0.3539156627,0.4616569141,0.7056349874
78,8.71,6.69,9.17,16.15,9.81,53.55,0.9436619718,0.473125884,0.4603413655,0.497382199,0.8250630782
8159,4.07,2.92,6.03,5.35,5.01,22.68,0.4409534128,0.2065063649,0.3027108434,0.1647674777,0.4213624895
834,6.66,8.02,12.45,14.35,7.41,50.66,0.72156013,0.56718529,0.625,0.4419464121,0.6232127839
862,5.6,5.68,11.5,14.68,9.74,50.22,0.6067172264,0.4016973126,0.5773092369,0.4521096397,0.819175778
8724,6.03,8.27,9.44,18.11,7.53,50.58,0.653304442,0.5848656294,0.4738955823,0.5577456113,0.6333052986
8729,6.82,3.6,9.53,3.48,7.62,31.57,0.7388949079,0.2545968883,0.4784136546,0.1071758546,0.6408746846
9038,3.77,5.52,6.93,14.94,4,37.82,0.4084507042,0.3903818953,0.3478915663,0.4601170311,0.3364171573
9059,4.85,1.44,2.85,4.14,3.82,17.49,0.525460455,0.1018387553,0.1430722892,0.1275023098,0.3212783852
9067,6.39,5.18,7.3,7.07,6.5,32.4,0.6923076923,0.3663366337,0.3664658635,0.2177394518,0.5466778806
9101,8.23,1.79,11.97,3.91,7.73,40.23,0.8916576381,0.1265912306,0.6009036145,0.1204188482,0.6501261564
9134,4.63,4.49,5.41,8.11,5.72,26.43,0.5016251354,0.3175388967,0.2715863454,0.2497690176,0.4810765349
9148,3.12,1.83,3.87,6.43,2.91,17.91,0.338028169,0.1294200849,0.1942771084,0.1980289498,0.2447434819
9180,2.94,3.35,9.18,0.15,7.87,23.62,0.3185265439,0.2369165488,0.4608433735,0.004619648907,0.6619007569
972,5.18,9.22,14.09,19.92,8.17,62.89,0.5612134345,0.6520509194,0.7073293173,0.6134893748,0.6871320437